,,Public spending on families over time,,,,,,,,,,,,,,,,,,,,,,,,,,,,,,,,,,,,,,,,,,,,,,,,,,,,,,,,,,,,,,,,,,,,,,,,,,,,,,,,,,,,,,
,,"Public spending on family benefits in cash, services and tax measures, in per cent of GDP, 1980-2021",,,,,,,,,,,,,,,,,,,,,,,,,,,,,,,,,,,,,,,,,,,,,,,,,,,,,,,,,,,,,,,,,,,,,,,,,,,,,,,,,,,,,,
,,,,Spending type,,,,,,,,,,,,,,,,,,,,,,,,,,,,,,,,,,,,,,,,,,,,,,,,,,,,,,,,,,,,,,,,,,,,,,,,,,,,,,,,,,,,
,,Country,Note,,,1980,1981,1982,1983,1984,1985,1986,1987,1988,1989,1990,1991,1992,1993,1994,1995,1996,1997,1998,1999,2000,2001,2002,2003,2004,2005,2006,2007,2008,2009,2010,2011,2012,2013,2014,2015,2016,2017,2018,2019,2020,2021,,,,,,,,,,,,,,,,,,,,,,,,,,,,,,,,,,,,,,,,,
AUSTotal,AUS,Australia,,Total,,..,..,..,..,..,..,..,..,..,..,..,..,..,..,..,..,..,..,..,..,..,2.99,..,3.23,..,2.78,..,2.48,..,2.71,2.60,2.61,2.78,2.72,2.77,2.69,2.44,2.33,2.24,2.36,2.39,1.99,,,,,,,,,,,,,,,,,,,,,,,,,,,,,,,,,,,,,,,,,
AUS-Cash,AUS,,,-,Cash,0.89,0.94,1.11,1.14,1.11,1.08,0.98,0.95,1.04,1.15,1.24,1.41,1.58,1.72,1.76,2.13,2.24,2.18,2.10,2.07,2.31,2.31,2.15,2.57,2.23,2.11,1.99,1.80,2.56,1.93,1.81,1.79,1.93,1.85,1.83,1.74,1.49,1.41,1.31,1.38,1.38,1.05,,,,,,,,,,,,,,,,,,,,,,,,,,,,,,,,,,,,,,,,,
AUS-Services,AUS,,,-,Services,0.05,0.05,0.05,0.05,0.06,0.06,0.06,0.28,0.26,0.25,0.27,0.36,0.43,0.48,0.55,0.58,0.60,0.56,0.55,0.60,0.59,0.62,0.64,0.62,0.64,0.63,0.59,0.64,0.71,0.73,0.75,0.79,0.82,0.86,0.93,0.95,0.94,0.92,0.93,0.97,1.02,0.95,,,,,,,,,,,,,,,,,,,,,,,,,,,,,,,,,,,,,,,,,
AUS-Tax-breaks for families,AUS,,,-,Tax-breaks for families,..,..,..,..,..,..,..,..,..,..,..,..,..,..,..,..,..,..,..,..,..,0.05,0.00,0.04,0.00,0.04,0.00,0.04,0.00,0.04,0.04,0.03,0.02,0.01,0.01,0.00,0.00,0.00,0.00,0.00,0.00,0.00,,,,,,,,,,,,,,,,,,,,,,,,,,,,,,,,,,,,,,,,,
AUTTotal,AUT,Austria,,Total,,..,..,..,..,..,..,..,..,..,..,..,..,..,..,..,..,..,..,..,..,..,2.87,..,3.05,..,2.95,..,2.71,..,2.98,3.01,2.75,2.70,3.21,3.15,3.18,3.15,3.09,3.01,3.36,3.79,3.44,,,,,,,,,,,,,,,,,,,,,,,,,,,,,,,,,,,,,,,,,
AUT-Cash,AUT,,,-,Cash,2.81,..,..,..,..,2.45,..,..,..,..,2.19,2.17,2.39,2.55,2.88,2.84,2.71,2.51,2.34,2.44,2.53,2.46,2.50,2.60,2.56,2.48,2.36,2.23,2.27,2.39,2.34,2.08,2.01,2.01,1.94,1.97,1.93,1.90,1.84,1.78,2.05,1.78,,,,,,,,,,,,,,,,,,,,,,,,,,,,,,,,,,,,,,,,,
AUT-Services,AUT,,,-,Services,0.36,..,..,..,..,0.41,..,..,..,..,0.35,0.36,0.39,0.42,0.44,0.44,0.45,0.45,0.37,0.38,0.41,0.41,0.42,0.43,0.43,0.43,0.43,0.44,0.46,0.55,0.63,0.63,0.65,0.68,0.70,0.71,0.73,0.73,0.72,0.74,0.83,0.81,,,,,,,,,,,,,,,,,,,,,,,,,,,,,,,,,,,,,,,,,
AUT-Tax-breaks for families,AUT,,,-,Tax-breaks for families,..,..,..,..,..,..,..,..,..,..,..,..,..,..,..,..,..,..,..,..,..,0.00,0.00,0.02,0.00,0.04,0.00,0.04,0.00,0.04,0.04,0.04,0.04,0.53,0.50,0.50,0.49,0.47,0.45,0.83,0.91,0.85,,,,,,,,,,,,,,,,,,,,,,,,,,,,,,,,,,,,,,,,,
BELTotal,BEL,Belgium,,Total,,..,..,..,..,..,..,..,..,..,..,..,..,..,..,..,..,..,..,..,..,..,3.00,..,3.09,..,3.00,..,3.03,..,3.29,3.27,3.29,3.24,3.30,3.26,3.20,3.16,3.18,3.14,3.14,3.45,3.24,,,,,,,,,,,,,,,,,,,,,,,,,,,,,,,,,,,,,,,,,
BEL-Cash,BEL,,,-,Cash,2.81,2.87,2.84,2.62,2.50,2.43,2.41,2.29,2.18,2.07,2.11,2.11,2.11,2.14,2.06,2.04,2.05,2.16,1.94,1.88,1.74,1.75,1.73,1.76,1.71,1.68,1.67,1.71,1.71,1.82,1.78,1.79,1.82,1.82,1.82,1.76,1.73,1.72,1.70,1.66,1.78,1.65,,,,,,,,,,,,,,,,,,,,,,,,,,,,,,,,,,,,,,,,,
BEL-Services,BEL,,,-,Services,0.14,0.15,0.13,0.13,0.12,0.13,0.13,0.13,0.12,0.11,0.11,0.10,0.11,0.18,0.13,0.20,0.22,0.21,0.78,0.80,0.72,0.82,0.87,0.91,0.90,0.91,0.92,0.93,0.96,1.02,1.05,1.06,0.98,1.01,1.03,1.02,1.05,1.03,1.03,1.07,1.21,1.15,,,,,,,,,,,,,,,,,,,,,,,,,,,,,,,,,,,,,,,,,
BEL-Tax-breaks for families,BEL,,,-,Tax-breaks for families,..,..,..,..,..,..,..,..,..,..,..,..,..,..,..,..,..,..,..,..,..,0.43,0.00,0.43,..,0.41,..,0.39,0.00,0.45,0.44,0.44,0.44,0.47,0.41,0.41,0.38,0.42,0.41,0.40,0.46,0.44,,,,,,,,,,,,,,,,,,,,,,,,,,,,,,,,,,,,,,,,,
CANTotal,CAN,Canada,,Total,,..,..,..,..,..,..,..,..,..,..,..,..,..,..,..,..,..,..,..,..,..,1.12,..,1.16,..,1.15,..,1.42,..,1.52,1.46,1.42,1.43,1.39,1.45,1.77,1.84,1.77,1.76,1.87,1.84,1.68,,,,,,,,,,,,,,,,,,,,,,,,,,,,,,,,,,,,,,,,,
CAN-Cash,CAN,,,-,Cash,0.63,0.62,0.64,0.62,0.60,0.58,0.56,0.53,0.50,0.49,0.50,0.58,0.48,0.85,0.79,0.77,0.73,0.70,0.72,0.70,0.74,0.84,0.87,0.87,0.88,0.86,0.98,1.02,1.02,1.09,1.04,1.00,1.00,0.97,0.95,1.32,1.48,1.43,1.39,1.47,1.43,1.28,,,,,,,,,,,,,,,,,,,,,,,,,,,,,,,,,,,,,,,,,
CAN-Services,CAN,,,-,Services,0.10,0.14,0.13,0.13,0.11,0.10,0.06,0.08,0.08,0.08,0.08,0.10,0.11,0.11,0.11,0.12,0.12,0.11,0.11,0.14,0.14,0.18,0.18,0.19,0.19,0.20,0.21,0.20,0.20,0.22,0.22,0.22,0.23,0.22,0.22,0.23,0.23,0.23,0.27,0.28,0.30,0.29,,,,,,,,,,,,,,,,,,,,,,,,,,,,,,,,,,,,,,,,,
CAN-Tax-breaks for families,CAN,,,-,Tax-breaks for families,..,..,..,..,..,..,..,..,..,..,..,..,..,..,..,..,..,..,..,..,..,0.10,..,0.10,..,0.09,..,0.20,..,0.21,0.20,0.19,0.20,0.19,0.28,0.22,0.12,0.11,0.11,0.11,0.11,0.11,,,,,,,,,,,,,,,,,,,,,,,,,,,,,,,,,,,,,,,,,
CHLTotal,CHL,Chile,,Total,,..,..,..,..,..,..,..,..,..,..,..,..,..,..,..,..,..,..,..,..,..,1.00,..,0.99,..,0.84,..,0.95,..,1.68,1.49,1.31,1.37,1.42,1.54,1.72,1.81,1.79,1.75,1.76,3.23,8.20,,,,,,,,,,,,,,,,,,,,,,,,,,,,,,,,,,,,,,,,,
CHL-Cash,CHL,,,-,Cash,..,..,..,..,..,..,0.98,0.76,0.59,0.50,0.51,0.50,0.47,0.46,0.44,0.42,0.44,0.45,0.49,0.51,0.71,0.59,0.59,0.55,0.53,0.40,0.39,0.41,0.50,0.83,0.67,0.57,0.62,0.63,0.73,0.76,0.76,0.73,0.71,0.72,2.15,7.34,,,,,,,,,,,,,,,,,,,,,,,,,,,,,,,,,,,,,,,,,
CHL-Services,CHL,,,-,Services,..,..,..,..,..,..,..,..,..,..,..,..,..,..,..,..,..,..,..,0.20,0.42,0.42,0.42,0.44,0.45,0.44,0.44,0.55,0.65,0.85,0.82,0.74,0.75,0.78,0.80,0.95,1.03,1.05,1.03,1.02,1.07,0.85,,,,,,,,,,,,,,,,,,,,,,,,,,,,,,,,,,,,,,,,,
CHL-Tax-breaks for families,CHL,,,-,Tax-breaks for families,..,..,..,..,..,..,..,..,..,..,..,..,..,..,..,..,..,..,..,..,..,0.00,..,0.00,..,0.00,..,0.00,..,0.00,0.00,0.00,0.00,0.00,0.01,0.01,0.01,0.01,0.01,0.01,0.01,0.01,,,,,,,,,,,,,,,,,,,,,,,,,,,,,,,,,,,,,,,,,
COLTotal,COL,Colombia,,Total,,..,..,..,..,..,..,..,..,..,..,..,..,..,..,..,..,..,..,..,..,..,..,..,..,..,..,..,..,..,..,1.40,1.22,1.50,1.75,1.82,2.03,1.86,1.80,1.79,1.75,2.64,2.24,,,,,,,,,,,,,,,,,,,,,,,,,,,,,,,,,,,,,,,,,
COL-Cash,COL,,,-,Cash,..,..,..,..,..,..,..,..,..,..,..,..,..,..,..,..,..,..,..,..,..,..,..,..,..,..,..,..,..,..,0.40,0.25,0.23,0.27,0.37,0.38,0.29,0.34,0.29,0.26,0.96,1.00,,,,,,,,,,,,,,,,,,,,,,,,,,,,,,,,,,,,,,,,,
COL-Services,COL,,,-,Services,..,..,..,..,..,..,..,..,..,..,..,..,..,..,..,..,..,..,..,..,..,..,..,..,..,..,..,..,..,..,1.00,0.96,1.27,1.47,1.45,1.64,1.56,1.46,1.50,1.49,1.68,1.24,,,,,,,,,,,,,,,,,,,,,,,,,,,,,,,,,,,,,,,,,
COL-Tax-breaks for families,COL,,,-,Tax-breaks for families,..,..,..,..,..,..,..,..,..,..,..,..,..,..,..,..,..,..,..,..,..,..,..,..,..,..,..,..,..,..,..,..,..,..,..,..,..,..,..,..,..,..,,,,,,,,,,,,,,,,,,,,,,,,,,,,,,,,,,,,,,,,,
,,Costa Rica,,Total,,..,..,..,..,..,..,..,..,..,..,..,..,..,..,..,..,..,..,..,..,..,..,..,..,..,..,..,..,..,..,..,0.92,0.89,1.01,1.00,1.04,1.04,1.01,0.94,1.02,0.95,0.92,,,,,,,,,,,,,,,,,,,,,,,,,,,,,,,,,,,,,,,,,
,,,,-,Cash,..,..,..,..,..,..,..,..,..,..,..,..,..,..,..,..,..,..,..,..,..,..,..,..,..,..,..,..,..,..,..,0.37,0.35,0.37,0.35,0.37,0.30,0.32,0.36,0.49,0.47,0.44,,,,,,,,,,,,,,,,,,,,,,,,,,,,,,,,,,,,,,,,,
,,,,-,Services,..,..,..,..,..,..,..,..,..,..,..,..,..,..,..,..,..,..,..,..,..,..,..,..,..,..,..,..,..,..,..,0.55,0.54,0.64,0.64,0.66,0.74,0.69,0.55,0.49,0.43,0.45,,,,,,,,,,,,,,,,,,,,,,,,,,,,,,,,,,,,,,,,,
,,,,-,Tax-breaks for families,..,..,..,..,..,..,..,..,..,..,..,..,..,..,..,..,..,..,..,..,..,..,..,..,..,..,..,..,..,..,..,..,..,..,..,..,..,..,0.04,0.04,0.04,0.03,,,,,,,,,,,,,,,,,,,,,,,,,,,,,,,,,,,,,,,,,
CZETotal,CZE,Czechia,,Total,,..,..,..,..,..,..,..,..,..,..,..,..,..,..,..,..,..,..,..,..,,1.69,..,1.66,..,1.98,..,2.16,..,2.35,2.27,2.10,2.17,2.17,2.06,2.00,1.99,2.00,2.11,2.09,2.34,2.23,,,,,,,,,,,,,,,,,,,,,,,,,,,,,,,,,,,,,,,,,
CZE-Cash,CZE,,,-,Cash,..,..,..,..,..,..,..,..,..,..,2.22,2.43,2.32,1.90,1.82,1.71,1.59,1.52,1.36,1.36,1.32,1.24,1.25,1.16,1.23,1.46,1.41,1.71,1.75,1.77,1.76,1.59,1.63,1.60,1.50,1.47,1.46,1.43,1.49,1.41,1.65,1.54,,,,,,,,,,,,,,,,,,,,,,,,,,,,,,,,,,,,,,,,,
CZE-Services,CZE,,,-,Services,..,..,..,..,..,..,..,..,..,..,0.03,0.03,0.07,0.09,0.14,0.12,0.11,0.12,0.44,0.45,0.44,0.45,0.48,0.50,0.50,0.52,0.52,0.46,0.48,0.57,0.51,0.51,0.54,0.56,0.56,0.53,0.50,0.53,0.58,0.66,0.66,0.67,,,,,,,,,,,,,,,,,,,,,,,,,,,,,,,,,,,,,,,,,
CZE-Tax-breaks for families,CZE,,,-,Tax-breaks for families,..,..,..,..,..,..,..,..,..,..,..,..,..,..,..,..,..,..,..,..,..,0.00,..,0.00,..,0.00,..,0.00,..,0.00,0.00,0.00,0.00,0.00,0.00,0.00,0.03,0.03,0.03,0.03,0.02,0.02,,,,,,,,,,,,,,,,,,,,,,,,,,,,,,,,,,,,,,,,,
DNKTotal,DNK,Denmark,,Total,,..,..,..,..,..,..,..,..,..,..,..,..,..,..,..,..,..,..,..,..,..,3.46,..,3.67,..,3.49,..,3.67,..,4.04,3.89,3.92,3.81,3.72,3.62,3.53,3.49,3.40,3.39,3.32,3.40,3.15,,,,,,,,,,,,,,,,,,,,,,,,,,,,,,,,,,,,,,,,,
DNK-Cash,DNK,,,-,Cash,1.05,1.01,0.93,0.86,0.88,0.87,0.85,1.15,1.37,1.37,1.38,1.39,1.43,1.50,1.75,1.81,1.67,1.54,1.52,1.50,1.45,1.45,1.49,1.58,1.56,1.51,1.45,1.48,1.48,1.61,1.56,1.50,1.42,1.40,1.38,1.36,1.36,1.31,1.30,1.27,1.31,1.19,,,,,,,,,,,,,,,,,,,,,,,,,,,,,,,,,,,,,,,,,
DNK-Services,DNK,,,-,Services,1.70,1.82,1.88,1.77,1.68,1.67,1.68,1.75,1.81,1.78,1.81,1.87,1.92,2.06,2.07,1.97,2.04,2.10,1.95,1.98,1.94,2.01,2.06,2.08,2.00,1.98,2.00,2.18,2.23,2.43,2.33,2.42,2.39,2.33,2.24,2.17,2.13,2.09,2.09,2.05,2.09,1.96,,,,,,,,,,,,,,,,,,,,,,,,,,,,,,,,,,,,,,,,,
DNK-Tax-breaks for families,DNK,,,-,Tax-breaks for families,..,..,..,..,..,..,..,..,..,..,..,..,..,..,..,..,..,..,..,..,..,0.00,0.00,0.00,0.00,0.00,0.00,0.00,0.00,0.00,0.00,0.00,0.00,0.00,0.00,0.00,0.00,0.00,0.00,0.00,0.00,0.00,,,,,,,,,,,,,,,,,,,,,,,,,,,,,,,,,,,,,,,,,
ESTTotal,EST,Estonia,,Total,,..,..,..,..,..,..,..,..,..,..,..,..,..,..,..,..,..,..,..,..,..,..,..,..,..,..,..,..,..,2.85,2.82,2.46,2.24,2.04,2.46,2.94,3.03,2.93,3.19,3.26,3.43,3.14,,,,,,,,,,,,,,,,,,,,,,,,,,,,,,,,,,,,,,,,,
EST-Cash,EST,,,-,Cash,..,..,..,..,..,..,..,..,..,..,..,..,..,..,..,..,..,..,..,1.52,1.52,1.35,1.30,1.17,1.55,1.41,2.74,1.29,1.65,2.13,2.13,1.84,1.63,1.55,1.53,1.95,2.05,1.98,2.24,2.26,2.35,2.12,,,,,,,,,,,,,,,,,,,,,,,,,,,,,,,,,,,,,,,,,
EST-Services,EST,,,-,Services,..,..,..,..,..,..,..,..,..,..,..,..,..,..,..,..,..,..,..,0.21,0.23,0.25,0.27,0.25,0.29,0.33,0.37,0.32,0.45,0.43,0.42,0.38,0.39,0.28,0.73,0.78,0.79,0.79,0.82,0.87,0.94,0.88,,,,,,,,,,,,,,,,,,,,,,,,,,,,,,,,,,,,,,,,,
EST-Tax-breaks for families,EST,,,-,Tax-breaks for families,..,..,..,..,..,..,..,..,..,..,..,..,..,..,..,..,..,..,..,..,..,..,..,..,..,..,..,..,..,0.29,0.26,0.23,0.22,0.21,0.20,0.20,0.19,0.17,0.13,0.13,0.15,0.14,,,,,,,,,,,,,,,,,,,,,,,,,,,,,,,,,,,,,,,,,
FINTotal,FIN,Finland,,Total,,..,..,..,..,..,..,..,..,..,..,..,..,..,..,..,..,..,..,..,..,..,2.82,..,2.81,..,2.83,..,2.72,..,3.12,3.10,3.08,3.18,3.21,3.18,3.10,3.03,2.88,2.89,2.91,3.02,3.09,,,,,,,,,,,,,,,,,,,,,,,,,,,,,,,,,,,,,,,,,
FIN-Cash,FIN,,,-,Cash,1.04,1.06,1.34,1.46,1.38,1.43,1.43,1.50,1.48,1.57,1.81,2.21,2.57,2.48,2.97,2.63,2.27,2.08,1.94,1.83,1.70,1.61,1.57,1.56,1.55,1.53,1.50,1.43,1.41,1.59,1.57,1.51,1.53,1.52,1.50,1.41,1.34,1.23,1.17,1.11,1.17,1.12,,,,,,,,,,,,,,,,,,,,,,,,,,,,,,,,,,,,,,,,,
FIN-Services,FIN,,,-,Services,1.00,0.85,0.87,0.93,0.96,1.08,1.12,1.15,1.16,1.22,1.33,1.49,1.45,1.42,1.34,1.33,1.41,1.36,1.31,1.30,1.23,1.21,1.23,1.26,1.27,1.31,1.31,1.29,1.37,1.54,1.54,1.57,1.66,1.69,1.68,1.69,1.69,1.65,1.72,1.79,1.85,1.97,,,,,,,,,,,,,,,,,,,,,,,,,,,,,,,,,,,,,,,,,
FIN-Tax-breaks for families,FIN,,,-,Tax-breaks for families,..,..,..,..,..,..,..,..,..,..,..,..,..,..,..,..,..,..,..,..,..,0.00,..,0.00,..,0.00,..,0.00,..,0.00,0.00,0.00,0.00,0.00,0.00,0.00,0.00,0.00,0.00,0.00,0.00,0.00,,,,,,,,,,,,,,,,,,,,,,,,,,,,,,,,,,,,,,,,,
FRATotal,FRA,France,,Total,,..,..,..,..,..,..,..,..,..,..,..,..,..,..,..,..,..,..,..,..,..,3.71,..,3.73,..,3.69,..,3.56,..,3.73,3.64,3.67,..,3.72,3.73,3.70,3.62,3.60,3.51,3.43,3.63,3.38,,,,,,,,,,,,,,,,,,,,,,,,,,,,,,,,,,,,,,,,,
FRA-Cash,FRA,,,-,Cash,1.98,2.45,2.49,2.43,2.37,2.31,2.23,2.19,2.15,1.97,1.44,1.44,1.44,1.48,1.48,1.50,1.55,1.59,1.50,1.50,1.44,1.43,1.44,1.42,1.37,1.36,1.69,1.64,1.60,1.70,1.61,1.56,1.58,1.58,1.57,1.50,1.46,1.42,1.39,1.34,1.51,1.30,,,,,,,,,,,,,,,,,,,,,,,,,,,,,,,,,,,,,,,,,
FRA-Services,FRA,,,-,Services,0.28,0.31,0.33,0.36,0.37,0.35,0.33,0.32,0.32,0.34,1.02,1.03,1.03,1.17,1.17,1.17,1.13,1.14,1.80,1.78,1.58,1.52,1.50,1.57,1.64,1.58,1.16,1.19,1.21,1.30,1.31,1.30,1.34,1.40,1.41,1.43,1.43,1.44,1.41,1.38,1.40,1.35,,,,,,,,,,,,,,,,,,,,,,,,,,,,,,,,,,,,,,,,,
FRA-Tax-breaks for families,FRA,,,-,Tax-breaks for families,..,..,..,..,..,..,..,..,..,..,..,..,..,..,..,..,..,..,..,..,..,0.77,..,0.74,..,0.75,..,0.73,..,0.73,0.72,0.81,0.00,0.75,0.75,0.78,0.73,0.74,0.72,0.71,0.72,0.73,,,,,,,,,,,,,,,,,,,,,,,,,,,,,,,,,,,,,,,,,
DEUTotal,DEU,Germany,,Total,,..,..,..,..,..,..,..,..,..,..,..,..,..,..,..,..,..,..,..,..,..,2.92,..,3.09,..,2.86,..,2.57,..,2.93,3.00,2.91,2.94,2.99,2.98,3.03,3.07,3.09,3.13,3.18,3.57,3.46,,,,,,,,,,,,,,,,,,,,,,,,,,,,,,,,,,,,,,,,,
DEU-Cash,DEU,,,-,Cash,1.77,1.80,1.59,1.44,1.33,1.25,1.28,1.31,1.27,1.22,1.35,1.48,1.48,1.45,1.37,1.37,1.27,1.31,1.31,1.34,1.36,1.32,1.37,1.36,1.34,1.33,1.03,1.11,1.13,1.28,1.24,1.18,1.16,1.13,1.11,1.10,1.07,1.04,1.06,1.05,1.29,1.21,,,,,,,,,,,,,,,,,,,,,,,,,,,,,,,,,,,,,,,,,
DEU-Services,DEU,,,-,Services,0.25,0.26,0.24,0.23,0.23,0.23,0.23,0.24,0.25,0.23,0.48,0.63,0.69,0.73,0.71,0.69,0.72,0.73,0.72,0.72,0.68,0.67,0.69,0.70,0.68,0.69,0.68,0.67,0.74,0.85,0.89,0.91,0.96,1.04,1.06,1.11,1.19,1.23,1.26,1.32,1.46,1.44,,,,,,,,,,,,,,,,,,,,,,,,,,,,,,,,,,,,,,,,,
DEU-Tax-breaks for families,DEU,,,-,Tax-breaks for families,..,..,..,..,..,..,..,..,..,..,..,..,..,..,..,..,..,..,..,..,..,0.93,..,1.03,..,0.85,..,0.78,..,0.80,0.86,0.82,0.83,0.83,0.81,0.82,0.81,0.82,0.81,0.81,0.83,0.81,,,,,,,,,,,,,,,,,,,,,,,,,,,,,,,,,,,,,,,,,
GRCTotal,GRC,Greece,,Total,,..,..,..,..,..,..,..,..,..,..,..,..,..,..,..,..,..,..,..,..,..,..,..,..,..,..,..,..,..,0.97,0.98,1.02,1.19,1.34,1.38,1.29,1.26,1.64,1.87,1.56,1.66,1.69,,,,,,,,,,,,,,,,,,,,,,,,,,,,,,,,,,,,,,,,,
GRC-Cash,GRC,,,-,Cash,0.30,0.41,0.36,0.31,0.26,0.30,0.28,0.24,0.19,0.16,0.37,0.50,0.47,0.52,0.74,0.74,0.69,0.66,0.69,0.62,0.81,0.76,0.73,0.76,0.77,0.77,0.73,0.83,0.82,0.92,0.91,0.94,0.86,0.99,1.02,0.93,0.93,1.32,1.53,1.20,1.32,1.33,,,,,,,,,,,,,,,,,,,,,,,,,,,,,,,,,,,,,,,,,
GRC-Services,GRC,,,-,Services,0.01,0.01,0.01,0.01,0.01,0.01,0.01,0.01,0.02,0.01,0.29,0.29,0.30,0.28,0.28,0.27,0.32,0.29,0.31,0.33,0.03,0.02,0.02,0.02,0.02,0.02,0.02,0.03,0.03,0.05,0.07,0.08,0.34,0.36,0.37,0.35,0.34,0.32,0.34,0.36,0.35,0.36,,,,,,,,,,,,,,,,,,,,,,,,,,,,,,,,,,,,,,,,,
GRC-Tax-breaks for families,GRC,,,-,Tax-breaks for families,..,..,..,..,..,..,..,..,..,..,..,..,..,..,..,..,..,..,..,..,..,0.00,0.00,0.00,0.00,0.00,0.00,0.00,0.00,0.00,0.00,0.00,0.00,0.00,0.00,0.00,0.00,0.00,0.00,0.00,0.00,0.00,,,,,,,,,,,,,,,,,,,,,,,,,,,,,,,,,,,,,,,,,
HUNTotal,HUN,Hungary,,Total,,..,..,..,..,..,..,..,..,..,..,..,..,..,..,..,..,..,..,..,..,..,2.87,..,3.21,..,3.00,..,3.22,..,3.39,3.41,3.80,3.71,3.58,3.56,3.38,3.38,3.31,3.21,3.06,3.22,2.93,,,,,,,,,,,,,,,,,,,,,,,,,,,,,,,,,,,,,,,,,
HUN-Cash,HUN,,,-,Cash,..,..,..,..,..,..,..,..,..,..,..,..,..,..,..,..,..,..,..,1.97,1.88,1.79,1.79,1.97,1.78,1.80,2.08,2.13,2.16,2.27,2.19,2.06,2.00,1.89,1.73,1.57,1.55,1.49,1.41,1.35,1.47,1.32,,,,,,,,,,,,,,,,,,,,,,,,,,,,,,,,,,,,,,,,,
HUN-Services,HUN,,,-,Services,..,..,..,..,..,..,..,..,..,..,..,..,..,..,..,..,..,..,..,1.15,1.11,1.09,1.16,1.24,1.17,1.20,1.19,1.09,1.08,1.12,1.17,1.11,1.06,1.08,1.14,1.14,1.10,1.09,1.09,1.03,1.02,1.00,,,,,,,,,,,,,,,,,,,,,,,,,,,,,,,,,,,,,,,,,
HUN-Tax-breaks for families,HUN,,,-,Tax-breaks for families,..,..,..,..,..,..,..,..,..,..,..,..,..,..,..,..,..,..,..,..,..,0.00,0.00,0.00,0.00,0.00,0.00,0.00,0.00,0.00,0.05,0.63,0.64,0.61,0.69,0.67,0.72,0.73,0.71,0.69,0.72,0.61,,,,,,,,,,,,,,,,,,,,,,,,,,,,,,,,,,,,,,,,,
ISLTotal,ISL,Iceland,,Total,,..,..,..,..,..,..,..,..,..,..,..,..,..,..,..,..,..,..,..,..,..,2.39,..,2.95,..,2.86,..,3.33,..,3.65,3.52,3.27,3.35,3.43,3.52,3.28,3.19,3.22,3.31,3.36,3.94,3.82,,,,,,,,,,,,,,,,,,,,,,,,,,,,,,,,,,,,,,,,,
ISL-Cash,ISL,,,-,Cash,..,..,..,..,..,..,..,..,..,..,1.70,1.71,1.65,1.57,1.47,1.45,1.48,1.35,1.17,1.11,0.99,1.11,1.22,1.40,1.36,1.22,1.15,1.33,1.34,1.45,1.35,1.13,1.03,1.14,1.05,0.98,0.88,0.90,0.94,1.03,1.25,1.22,,,,,,,,,,,,,,,,,,,,,,,,,,,,,,,,,,,,,,,,,
ISL-Services,ISL,,,-,Services,..,..,..,..,..,..,..,..,..,..,0.66,0.74,0.81,0.80,0.84,0.91,0.96,0.97,1.03,1.07,1.13,1.28,1.36,1.55,1.63,1.64,1.81,2.00,2.08,2.19,2.17,2.14,2.32,2.29,2.47,2.30,2.31,2.32,2.37,2.33,2.69,2.60,,,,,,,,,,,,,,,,,,,,,,,,,,,,,,,,,,,,,,,,,
ISL-Tax-breaks for families,ISL,,,-,Tax-breaks for families,..,..,..,..,..,..,..,..,..,..,..,..,..,..,..,..,..,..,..,..,..,0.00,..,0.00,..,0.00,..,0.00,..,0.00,0.00,0.00,0.00,0.00,0.00,0.00,0.00,0.00,0.00,0.00,0.00,0.00,,,,,,,,,,,,,,,,,,,,,,,,,,,,,,,,,,,,,,,,,
IRLTotal,IRL,Ireland,,Total,,..,..,..,..,..,..,..,..,..,..,..,..,..,..,..,..,..,..,..,..,..,2.27,..,2.66,..,2.56,..,2.81,..,3.81,3.54,3.31,3.25,2.98,2.66,1.98,2.00,1.84,1.76,1.67,1.57,1.39,,,,,,,,,,,,,,,,,,,,,,,,,,,,,,,,,,,,,,,,,
IRL-Cash,IRL,,,-,Cash,1.00,1.08,1.35,1.38,1.34,1.32,1.46,1.48,1.40,1.29,1.87,1.97,2.04,2.01,2.05,1.97,2.02,1.92,1.71,1.68,1.52,1.72,2.03,2.11,2.07,2.05,2.07,2.14,2.53,2.92,2.59,2.42,2.33,2.13,1.89,1.38,1.37,1.24,1.16,1.07,1.02,0.88,,,,,,,,,,,,,,,,,,,,,,,,,,,,,,,,,,,,,,,,,
IRL-Services,IRL,,,-,Services,0.06,0.06,0.06,0.07,0.06,0.06,0.06,0.06,0.05,0.05,0.04,0.05,0.06,0.07,0.10,0.12,0.13,0.15,0.39,0.37,0.43,0.48,0.51,0.55,0.56,0.51,0.52,0.56,0.66,0.77,0.84,0.78,0.80,0.74,0.69,0.54,0.57,0.54,0.54,0.54,0.49,0.46,,,,,,,,,,,,,,,,,,,,,,,,,,,,,,,,,,,,,,,,,
IRL-Tax-breaks for families,IRL,,,-,Tax-breaks for families,..,..,..,..,..,..,..,..,..,..,..,..,..,..,..,..,..,..,..,..,..,0.08,..,0.00,..,0.00,..,0.10,..,0.13,0.11,0.11,0.11,0.11,0.08,0.06,0.06,0.06,0.06,0.06,0.06,0.05,,,,,,,,,,,,,,,,,,,,,,,,,,,,,,,,,,,,,,,,,
ISRTotal,ISR,Israel,1,Total,,..,..,..,..,..,..,..,..,..,..,..,..,..,..,..,..,..,..,..,..,..,..,..,..,..,..,..,..,..,2.03,2.14,2.03,2.10,2.22,2.08,2.11,2.15,2.61,2.50,2.49,2.45,2.33,,,,,,,,,,,,,,,,,,,,,,,,,,,,,,,,,,,,,,,,,
ISR-Cash,ISR,,,-,Cash,.,.,.,.,.,.,.,.,.,.,.,.,.,.,.,1.55,1.57,1.61,1.58,1.61,1.52,1.63,1.43,1.29,1.02,0.92,0.95,0.92,0.96,0.99,1.02,1.05,1.04,0.93,0.78,0.81,0.83,1.12,0.99,1.00,0.96,0.88,,,,,,,,,,,,,,,,,,,,,,,,,,,,,,,,,,,,,,,,,
ISR-Services,ISR,,,-,Services,..,..,..,..,..,..,..,..,..,..,..,..,..,..,..,0.87,0.92,0.82,0.82,0.83,0.81,0.86,0.91,0.85,0.87,0.84,0.85,0.81,0.84,0.89,0.95,0.86,0.90,1.02,1.02,1.03,1.06,1.11,1.11,1.09,1.08,1.02,,,,,,,,,,,,,,,,,,,,,,,,,,,,,,,,,,,,,,,,,
ISR-Tax-breaks for families,ISR,,,-,Tax-breaks for families,..,..,..,..,..,..,..,..,..,..,..,..,..,..,..,..,..,..,..,..,..,..,..,..,..,..,..,..,..,0.15,0.18,0.13,0.15,0.27,0.29,0.27,0.26,0.38,0.40,0.40,0.41,0.44,,,,,,,,,,,,,,,,,,,,,,,,,,,,,,,,,,,,,,,,,
ITATotal,ITA,Italy,,Total,,..,..,..,..,..,..,..,..,..,..,..,..,..,..,..,..,..,..,..,..,..,..,..,..,..,..,..,..,..,1.94,1.78,1.78,1.84,1.96,1.94,1.92,1.88,1.88,1.88,1.86,2.00,1.86,,,,,,,,,,,,,,,,,,,,,,,,,,,,,,,,,,,,,,,,,
ITA-Cash,ITA,,,-,Cash,0.93,1.12,0.98,0.94,0.86,0.76,0.65,0.61,0.62,0.71,0.64,0.50,0.49,0.45,0.42,0.44,0.47,0.52,0.54,0.62,0.60,0.62,0.59,0.61,0.62,0.60,0.62,0.63,0.65,0.79,0.66,0.68,0.72,0.75,0.74,0.72,0.74,0.77,0.76,0.76,0.85,0.84,,,,,,,,,,,,,,,,,,,,,,,,,,,,,,,,,,,,,,,,,
ITA-Services,ITA,,,-,Services,0.11,0.11,0.11,0.11,0.11,0.11,0.10,0.10,0.10,0.09,0.22,0.22,0.22,0.23,0.25,0.14,0.15,0.15,0.53,0.54,0.57,0.59,0.53,0.58,0.59,0.60,0.66,0.63,0.67,0.68,0.66,0.63,0.65,0.65,0.66,0.67,0.63,0.63,0.64,0.65,0.66,0.59,,,,,,,,,,,,,,,,,,,,,,,,,,,,,,,,,,,,,,,,,
ITA-Tax-breaks for families,ITA,,,-,Tax-breaks for families,..,..,..,..,..,..,..,..,..,..,..,..,..,..,..,..,..,..,..,..,..,..,..,..,..,..,..,..,..,0.47,0.46,0.47,0.47,0.56,0.54,0.53,0.51,0.48,0.48,0.45,0.49,0.43,,,,,,,,,,,,,,,,,,,,,,,,,,,,,,,,,,,,,,,,,
JPNTotal,JPN,Japan,,Total,,..,..,..,..,..,..,..,..,..,..,..,..,..,..,..,..,..,..,..,..,..,0.99,..,1.08,..,1.15,..,1.17,..,1.31,..,1.51,1.35,1.35,1.39,1.61,1.67,1.76,1.82,1.95,2.18,2.42,,,,,,,,,,,,,,,,,,,,,,,,,,,,,,,,,,,,,,,,,
JPN-Cash,JPN,,,-,Cash,0.21,0.22,0.23,0.23,0.21,0.21,0.20,0.19,0.17,0.16,0.15,0.14,0.16,0.16,0.15,0.12,0.13,0.13,0.13,0.14,0.17,0.20,0.21,0.22,0.26,0.26,0.30,0.34,0.36,0.40,0.69,0.74,0.68,0.66,0.68,0.66,0.65,0.64,0.64,0.66,0.74,0.99,,,,,,,,,,,,,,,,,,,,,,,,,,,,,,,,,,,,,,,,,
JPN-Services,JPN,,,-,Services,0.23,0.23,0.22,0.20,0.20,0.20,0.19,0.19,0.19,0.18,0.19,0.19,0.27,0.28,0.29,0.29,0.33,0.33,0.34,0.39,0.37,0.39,0.41,0.41,0.41,0.44,0.38,0.35,0.38,0.41,0.43,0.44,0.46,0.47,0.50,0.75,0.83,0.93,0.99,1.08,1.24,1.24,,,,,,,,,,,,,,,,,,,,,,,,,,,,,,,,,,,,,,,,,
JPN-Tax-breaks for families,JPN,,,-,Tax-breaks for families,..,..,..,..,..,..,..,..,..,..,..,..,..,..,..,..,..,..,..,..,..,0.40,..,0.45,..,0.45,..,0.48,..,0.50,0.00,0.32,0.22,0.22,0.21,0.20,0.20,0.20,0.20,0.20,0.20,0.18,,,,,,,,,,,,,,,,,,,,,,,,,,,,,,,,,,,,,,,,,
KORTotal,KOR,Korea,,Total,,..,..,..,..,..,..,..,..,..,..,..,..,..,..,..,..,..,..,..,..,..,0.23,..,0.24,..,0.35,..,0.56,..,0.85,0.84,0.83,0.98,1.27,1.25,1.28,1.24,1.24,1.30,1.47,1.97,1.77,,,,,,,,,,,,,,,,,,,,,,,,,,,,,,,,,,,,,,,,,
KOR-Cash,KOR,,,-,Cash,..,..,..,..,..,..,..,..,..,..,0.00,0.00,0.00,0.00,0.00,0.00,0.00,0.00,0.00,0.00,0.00,0.00,0.01,0.01,0.01,0.01,0.02,0.02,0.03,0.04,0.04,0.06,0.06,0.16,0.17,0.16,0.15,0.14,0.19,0.30,0.38,0.35,,,,,,,,,,,,,,,,,,,,,,,,,,,,,,,,,,,,,,,,,
KOR-Services,KOR,,,-,Services,..,..,..,..,..,..,..,..,..,..,0.03,0.03,0.04,0.04,0.05,0.06,0.06,0.07,0.10,0.08,0.10,0.13,0.12,0.14,0.17,0.20,0.44,0.38,0.49,0.58,0.60,0.59,0.74,0.93,0.90,0.91,0.90,0.90,0.93,0.99,1.44,1.27,,,,,,,,,,,,,,,,,,,,,,,,,,,,,,,,,,,,,,,,,
KOR-Tax-breaks for families,KOR,,,-,Tax-breaks for families,..,..,..,..,..,..,..,..,..,..,..,..,..,..,..,..,..,..,..,..,..,0.10,0.00,0.09,0.00,0.13,0.00,0.16,0.00,0.23,0.20,0.19,0.18,0.18,0.18,0.21,0.20,0.19,0.18,0.18,0.16,0.15,,,,,,,,,,,,,,,,,,,,,,,,,,,,,,,,,,,,,,,,,
LVATotal,LVA,Latvia,,Total,,..,..,..,..,..,..,..,..,..,..,..,..,..,..,..,..,..,..,..,..,..,..,..,..,..,..,..,..,..,2.48,2.20,1.88,1.68,1.88,2.03,2.27,2.34,2.34,2.33,2.35,2.50,2.89,,,,,,,,,,,,,,,,,,,,,,,,,,,,,,,,,,,,,,,,,
LVA-Cash,LVA,,,-,Cash,..,..,..,..,..,..,..,..,..,..,..,..,..,..,..,..,..,1.24,1.27,1.35,1.25,1.20,1.11,1.14,1.05,1.07,0.97,0.94,1.14,1.48,1.28,0.94,0.81,0.97,1.06,1.31,1.40,1.39,1.44,1.42,1.49,1.96,,,,,,,,,,,,,,,,,,,,,,,,,,,,,,,,,,,,,,,,,
LVA-Services,LVA,,,-,Services,..,..,..,..,..,..,..,..,..,..,..,..,..,..,..,..,..,0.26,0.27,0.28,0.27,0.27,0.28,0.26,0.24,0.22,0.21,0.20,0.84,1.00,0.92,0.94,0.87,0.92,0.96,0.95,0.92,0.94,0.88,0.91,1.00,0.93,,,,,,,,,,,,,,,,,,,,,,,,,,,,,,,,,,,,,,,,,
LVA-Tax-breaks for families,LVA,,,-,Tax-breaks for families,..,..,..,..,..,..,..,..,..,..,..,..,..,..,..,..,..,..,..,..,..,..,..,..,..,..,..,..,..,0.00,0.00,0.00,0.00,0.00,0.00,0.00,0.01,0.01,0.01,0.01,0.01,0.01,,,,,,,,,,,,,,,,,,,,,,,,,,,,,,,,,,,,,,,,,
LTUTotal,LTU,Lithuania,,Total,,..,..,..,..,..,..,..,..,..,..,..,..,..,..,..,..,..,..,..,..,..,..,..,..,..,..,..,..,..,..,..,..,..,..,..,..,1.93,2.08,2.25,2.44,3.01,2.81,,,,,,,,,,,,,,,,,,,,,,,,,,,,,,,,,,,,,,,,,
LTU-Cash,LTU,,,-,Cash,..,..,..,..,..,..,..,..,..,..,..,..,..,..,..,..,0.61,0.67,0.88,0.99,0.94,0.81,0.73,0.67,0.72,0.75,0.72,0.80,1.44,2.28,1.79,1.29,1.00,0.80,0.78,0.79,0.82,0.86,1.22,1.46,1.80,1.63,,,,,,,,,,,,,,,,,,,,,,,,,,,,,,,,,,,,,,,,,
LTU-Services,LTU,,,-,Services,..,..,..,..,..,..,..,..,..,..,..,..,..,..,..,..,0.20,0.31,0.39,0.40,0.39,0.36,0.36,0.34,0.40,0.97,0.94,0.86,0.88,1.17,0.91,0.89,0.80,0.78,0.81,0.83,0.90,0.92,1.02,0.98,1.20,1.19,,,,,,,,,,,,,,,,,,,,,,,,,,,,,,,,,,,,,,,,,
LTU-Tax-breaks for families,LTU,,,-,Tax-breaks for families,..,..,..,..,..,..,..,..,..,..,..,..,..,..,..,..,..,..,..,..,..,..,..,..,..,..,..,..,..,..,..,..,..,..,..,..,0.22,0.31,..,..,..,0.00,,,,,,,,,,,,,,,,,,,,,,,,,,,,,,,,,,,,,,,,,
LUXTotal,LUX,Luxembourg,,Total,,..,..,..,..,..,..,..,..,..,..,..,..,..,..,..,..,..,..,..,..,..,3.06,3.37,3.74,3.66,3.57,3.35,2.93,3.53,3.77,3.62,3.38,3.39,3.31,3.23,3.17,3.06,3.15,3.27,3.33,3.76,3.19,,,,,,,,,,,,,,,,,,,,,,,,,,,,,,,,,,,,,,,,,
LUX-Cash,LUX,,,-,Cash,1.54,1.58,1.49,1.48,1.39,1.33,1.39,1.38,1.30,1.48,1.64,1.65,1.70,2.02,2.15,2.18,2.17,2.11,2.36,2.47,2.54,2.59,2.86,3.23,3.15,3.05,2.84,2.66,3.23,3.37,3.13,2.83,2.71,2.59,2.52,2.42,2.29,2.31,2.35,2.33,2.67,2.15,,,,,,,,,,,,,,,,,,,,,,,,,,,,,,,,,,,,,,,,,
LUX-Services,LUX,,,-,Services,0.17,0.19,0.18,0.17,0.18,0.20,0.20,0.22,0.26,0.23,0.29,0.32,0.33,0.34,0.39,0.42,0.45,0.43,0.48,0.52,0.45,0.47,0.51,0.51,0.51,0.52,0.51,0.27,0.30,0.40,0.49,0.55,0.68,0.72,0.72,0.75,0.77,0.84,0.92,1.00,1.09,1.04,,,,,,,,,,,,,,,,,,,,,,,,,,,,,,,,,,,,,,,,,
LUX-Tax-breaks for families,LUX,,,-,Tax-breaks for families,..,..,..,..,..,..,..,..,..,..,..,..,..,..,..,..,..,..,..,..,..,0.00,0.00,0.00,0.00,0.00,0.00,0.00,0.00,0.00,0.00,0.00,0.00,0.00,0.00,0.00,0.00,0.00,0.00,0.00,0.00,0.00,,,,,,,,,,,,,,,,,,,,,,,,,,,,,,,,,,,,,,,,,
MEXTotal,MEX,Mexico,,Total,,..,..,..,..,..,..,..,..,..,..,..,..,..,..,..,..,..,..,..,..,..,0.61,0.70,0.89,0.78,0.86,0.87,0.87,0.97,0.94,0.99,0.96,0.95,0.95,0.93,0.99,1.00,0.85,0.79,0.61,0.64,0.61,,,,,,,,,,,,,,,,,,,,,,,,,,,,,,,,,,,,,,,,,
MEX-Cash,MEX,,,-,Cash,..,..,..,..,..,..,..,..,..,..,..,..,..,..,..,0.00,0.00,0.01,0.07,0.11,0.14,0.17,0.22,0.27,0.28,0.31,0.30,0.30,0.32,0.37,0.41,0.39,0.40,0.38,0.38,0.42,0.45,0.33,0.31,0.10,0.11,0.11,,,,,,,,,,,,,,,,,,,,,,,,,,,,,,,,,,,,,,,,,
MEX-Services,MEX,,,-,Services,..,..,..,..,..,0.27,0.19,0.09,0.05,0.09,0.08,0.08,0.14,0.11,0.10,0.13,0.13,0.11,0.33,0.41,0.44,0.44,0.49,0.62,0.50,0.55,0.57,0.57,0.65,0.58,0.58,0.57,0.54,0.57,0.56,0.57,0.55,0.53,0.48,0.51,0.53,0.50,,,,,,,,,,,,,,,,,,,,,,,,,,,,,,,,,,,,,,,,,
MEX-Tax-breaks for families,MEX,,,-,Tax-breaks for families,..,..,..,..,..,..,..,..,..,..,..,..,..,..,..,..,..,..,..,..,..,0.00,0.00,0.00,0.00,0.00,0.00,0.00,0.00,0.00,0.00,0.00,0.00,0.00,0.00,0.00,0.00,0.00,0.00,0.00,0.00,0.00,,,,,,,,,,,,,,,,,,,,,,,,,,,,,,,,,,,,,,,,,
NLDTotal,NLD,Netherlands,,Total,,..,..,..,..,..,..,..,..,..,..,..,..,..,..,..,..,..,..,..,..,..,1.81,1.58,2.17,1.63,2.30,1.80,2.06,1.50,2.14,..,2.03,..,..,..,1.75,1.83,1.81,1.79,1.83,1.95,1.89,,,,,,,,,,,,,,,,,,,,,,,,,,,,,,,,,,,,,,,,,
NLD-Cash,NLD,,,-,Cash,1.84,1.76,1.76,1.72,1.65,1.60,1.48,1.16,1.15,1.13,1.08,1.06,1.07,1.05,1.02,0.93,0.86,0.79,0.75,0.70,0.66,0.64,0.64,0.64,0.63,0.60,0.58,0.56,0.67,0.72,0.69,0.68,0.65,0.64,0.63,0.74,0.74,0.71,0.68,0.71,0.80,0.73,,,,,,,,,,,,,,,,,,,,,,,,,,,,,,,,,,,,,,,,,
NLD-Services,NLD,,,-,Services,0.48,0.49,0.49,0.45,0.42,0.38,0.37,0.39,0.37,0.44,0.46,0.42,0.32,0.33,0.31,0.38,0.31,0.40,0.72,0.75,0.83,0.85,0.94,1.02,1.00,0.98,1.22,0.73,0.83,0.92,0.91,0.88,0.80,0.75,0.69,0.70,0.74,0.76,0.79,0.84,0.86,0.89,,,,,,,,,,,,,,,,,,,,,,,,,,,,,,,,,,,,,,,,,
NLD-Tax-breaks for families,NLD,,,-,Tax-breaks for families,..,..,..,..,..,..,..,..,..,..,..,..,..,..,..,..,..,..,..,..,..,0.32,0.00,0.51,0.00,0.71,0.00,0.78,0.00,0.50,0.00,0.46,0.00,0.00,0.00,0.31,0.35,0.35,0.33,0.29,0.29,0.27,,,,,,,,,,,,,,,,,,,,,,,,,,,,,,,,,,,,,,,,,
NZLTotal,NZL,New Zealand,,Total,,..,..,..,..,..,..,..,..,..,..,..,..,..,..,..,..,..,..,..,..,..,2.60,2.53,2.46,2.34,2.80,3.11,3.18,3.38,3.62,3.51,3.36,3.26,2.87,2.74,2.63,2.56,2.42,2.59,2.55,2.67,2.58,,,,,,,,,,,,,,,,,,,,,,,,,,,,,,,,,,,,,,,,,
NZL-Cash,NZL,,,-,Cash,2.13,1.91,1.89,1.85,1.96,2.21,2.47,2.30,2.32,2.52,2.51,2.16,2.09,1.91,1.95,1.93,2.00,2.39,2.37,2.22,2.09,1.97,1.92,1.82,1.70,1.91,2.22,2.20,2.29,2.39,2.29,2.18,2.07,1.68,1.55,1.46,1.38,1.24,1.40,1.45,1.50,1.44,,,,,,,,,,,,,,,,,,,,,,,,,,,,,,,,,,,,,,,,,
NZL-Services,NZL,,,-,Services,0.01,0.01,0.01,0.01,0.02,0.02,0.02,0.02,0.02,0.03,0.04,0.04,0.10,0.11,0.29,0.30,0.32,0.33,0.64,0.63,0.62,0.61,0.61,0.62,0.64,0.88,0.89,0.95,1.08,1.22,1.21,1.17,1.19,1.19,1.18,1.17,1.17,1.18,1.18,1.10,1.17,1.15,,,,,,,,,,,,,,,,,,,,,,,,,,,,,,,,,,,,,,,,,
NZL-Tax-breaks for families,NZL,,,-,Tax-breaks for families,..,..,..,..,..,..,..,..,..,..,..,..,..,..,..,..,..,..,..,..,..,0.02,0.00,0.02,0.00,0.01,0.00,0.02,0.00,0.01,0.01,0.01,0.00,0.00,0.00,0.00,0.00,0.00,0.00,0.00,0.00,0.00,,,,,,,,,,,,,,,,,,,,,,,,,,,,,,,,,,,,,,,,,
NORTotal,NOR,Norway,,Total,,..,..,..,..,..,..,..,..,..,..,..,..,..,..,..,..,..,..,..,..,..,3.12,3.02,3.19,2.96,2.89,2.68,2.84,2.71,3.29,3.25,3.20,3.14,3.18,3.26,3.37,3.46,3.32,3.14,3.25,3.48,2.85,,,,,,,,,,,,,,,,,,,,,,,,,,,,,,,,,,,,,,,,,
NOR-Cash,NOR,,,-,Cash,1.23,..,..,..,..,1.29,..,..,1.59,1.71,1.84,2.03,2.21,2.21,2.27,2.18,2.10,2.02,2.14,2.12,1.82,1.89,1.90,1.85,1.71,1.54,1.37,1.31,1.32,1.49,1.43,1.36,1.32,1.29,1.31,1.35,1.35,1.26,1.17,1.21,1.35,1.11,,,,,,,,,,,,,,,,,,,,,,,,,,,,,,,,,,,,,,,,,
NOR-Services,NOR,,,-,Services,0.55,0.00,0.00,0.00,0.00,0.56,0.00,0.00,0.81,0.87,0.85,1.00,1.14,1.22,1.28,1.30,1.29,1.24,1.30,1.30,1.17,1.24,1.12,1.21,1.25,1.24,1.31,1.42,1.40,1.68,1.70,1.73,1.71,1.77,1.83,1.89,2.00,1.95,1.88,1.94,2.04,1.67,,,,,,,,,,,,,,,,,,,,,,,,,,,,,,,,,,,,,,,,,
NOR-Tax-breaks for families,NOR,,,-,Tax-breaks for families,..,..,..,..,..,..,..,..,..,..,..,..,..,..,..,..,..,..,..,..,..,0.00,0.00,0.12,0.00,0.12,0.00,0.11,0.00,0.12,0.12,0.11,0.11,0.11,0.12,0.12,0.12,0.11,0.09,0.09,0.09,0.07,,,,,,,,,,,,,,,,,,,,,,,,,,,,,,,,,,,,,,,,,
POLTotal,POL,Poland,,Total,,..,..,..,..,..,..,..,..,..,..,..,..,..,..,..,..,..,..,..,..,..,1.18,1.17,1.12,1.23,1.21,1.19,1.19,1.24,1.76,1.76,1.68,1.72,1.80,1.83,1.92,2.93,2.97,2.82,3.32,4.05,3.63,,,,,,,,,,,,,,,,,,,,,,,,,,,,,,,,,,,,,,,,,
POL-Cash,POL,,,-,Cash,..,..,..,..,..,..,..,..,..,..,1.64,2.19,2.13,1.77,1.42,1.03,0.92,0.88,0.85,0.85,0.94,0.97,0.96,0.88,0.89,0.85,0.82,0.80,0.74,0.75,0.78,0.71,0.67,0.71,0.66,0.80,1.79,2.00,1.83,2.28,2.91,2.52,,,,,,,,,,,,,,,,,,,,,,,,,,,,,,,,,,,,,,,,,
POL-Services,POL,,,-,Services,..,..,..,..,..,..,..,..,..,..,0.00,0.00,0.00,0.00,0.00,0.00,0.00,0.00,0.21,0.21,0.23,0.20,0.21,0.24,0.33,0.36,0.36,0.35,0.50,0.54,0.56,0.58,0.67,0.72,0.74,0.71,0.74,0.61,0.64,0.71,0.81,0.81,,,,,,,,,,,,,,,,,,,,,,,,,,,,,,,,,,,,,,,,,
POL-Tax-breaks for families,POL,,,-,Tax-breaks for families,..,..,..,..,..,..,..,..,..,..,..,..,..,..,..,..,..,..,..,..,..,0.00,0.00,0.00,0.00,0.00,0.00,0.04,0.00,0.48,0.42,0.38,0.37,0.37,0.43,0.41,0.39,0.37,0.35,0.33,0.33,0.30,,,,,,,,,,,,,,,,,,,,,,,,,,,,,,,,,,,,,,,,,
PRTTotal,PRT,Portugal,,Total,,..,..,..,..,..,..,..,..,..,..,..,..,..,..,..,..,..,..,..,..,..,..,1.31,1.58,1.16,1.35,1.16,1.31,1.23,1.64,1.58,1.40,1.43,1.46,1.45,1.51,1.72,1.71,1.67,1.68,1.90,1.80,,,,,,,,,,,,,,,,,,,,,,,,,,,,,,,,,,,,,,,,,
PRT-Cash,PRT,,,-,Cash,0.63,0.72,0.69,0.70,0.66,0.60,0.65,0.64,0.60,0.57,0.60,0.65,0.64,0.65,0.61,0.61,0.60,0.59,0.59,0.57,0.59,0.59,0.62,0.65,0.70,0.73,0.73,0.73,0.81,0.99,0.93,0.77,0.78,0.75,0.73,0.74,0.77,0.76,0.79,0.83,0.96,0.88,,,,,,,,,,,,,,,,,,,,,,,,,,,,,,,,,,,,,,,,,
PRT-Services,PRT,,,-,Services,0.01,0.00,0.01,0.00,0.00,0.00,0.01,0.01,0.01,0.01,0.09,0.09,0.09,0.10,0.09,0.10,0.10,0.10,0.30,0.35,0.39,0.42,0.69,0.76,0.46,0.45,0.44,0.42,0.43,0.45,0.46,0.43,0.45,0.49,0.50,0.46,0.45,0.45,0.39,0.38,0.42,0.44,,,,,,,,,,,,,,,,,,,,,,,,,,,,,,,,,,,,,,,,,
PRT-Tax-breaks for families,PRT,,,-,Tax-breaks for families,..,..,..,..,..,..,..,..,..,..,..,..,..,..,..,..,..,..,..,..,..,..,0.00,0.17,0.00,0.17,0.00,0.16,0.00,0.19,0.19,0.20,0.20,0.23,0.22,0.31,0.51,0.50,0.49,0.47,0.51,0.49,,,,,,,,,,,,,,,,,,,,,,,,,,,,,,,,,,,,,,,,,
SVKTotal,SVK,Slovak Republic,,Total,,..,..,..,..,..,..,..,..,..,..,..,..,..,..,..,..,..,..,..,..,..,2.11,1.79,2.26,1.96,2.52,1.42,1.75,1.31,1.97,1.95,1.99,2.01,2.04,2.02,1.94,1.97,2.01,1.94,2.13,2.37,2.43,,,,,,,,,,,,,,,,,,,,,,,,,,,,,,,,,,,,,,,,,
SVK-Cash,SVK,,,-,Cash,..,..,..,..,..,..,..,..,..,..,..,..,..,..,..,2.27,2.08,1.96,1.96,1.76,1.53,1.37,1.34,1.30,1.55,1.13,1.04,0.98,0.93,1.13,1.17,1.20,1.19,1.18,1.15,1.09,1.10,1.12,1.04,1.13,1.34,1.46,,,,,,,,,,,,,,,,,,,,,,,,,,,,,,,,,,,,,,,,,
SVK-Services,SVK,,,-,Services,..,..,..,..,..,..,..,..,..,..,..,..,..,..,..,0.10,0.12,0.08,0.08,0.49,0.44,0.45,0.46,0.47,0.40,0.39,0.38,0.37,0.38,0.43,0.41,0.43,0.47,0.50,0.53,0.52,0.55,0.58,0.60,0.65,0.64,0.62,,,,,,,,,,,,,,,,,,,,,,,,,,,,,,,,,,,,,,,,,
SVK-Tax-breaks for families,SVK,,,-,Tax-breaks for families,..,..,..,..,..,..,..,..,..,..,..,..,..,..,..,..,..,..,..,..,..,0.29,0.00,0.49,0.00,1.00,0.00,0.40,0.00,0.40,0.37,0.36,0.35,0.35,0.34,0.32,0.32,0.31,0.30,0.35,0.38,0.35,,,,,,,,,,,,,,,,,,,,,,,,,,,,,,,,,,,,,,,,,
SVNTotal,SVN,Slovenia,,Total,,..,..,..,..,..,..,..,..,..,..,..,..,..,..,..,..,..,..,..,..,..,2.11,2.02,1.98,1.95,1.92,1.88,1.71,1.75,2.08,2.14,2.15,2.08,1.95,1.87,1.80,1.74,1.86,1.83,1.83,1.94,1.87,,,,,,,,,,,,,,,,,,,,,,,,,,,,,,,,,,,,,,,,,
SVN-Cash,SVN,,,-,Cash,..,..,..,..,..,..,..,..,..,..,..,..,..,..,..,..,1.25,1.29,1.24,1.38,1.51,1.48,1.42,1.38,1.38,1.36,1.34,1.21,1.26,1.55,1.60,1.62,1.53,1.39,1.33,1.28,1.24,1.19,1.17,1.17,1.28,1.25,,,,,,,,,,,,,,,,,,,,,,,,,,,,,,,,,,,,,,,,,
SVN-Services,SVN,,,-,Services,..,..,..,..,..,..,..,..,..,..,..,..,..,..,..,..,0.65,0.66,0.65,0.63,0.64,0.62,0.61,0.60,0.57,0.57,0.54,0.50,0.49,0.52,0.53,0.53,0.55,0.56,0.54,0.52,0.50,0.67,0.66,0.65,0.66,0.62,,,,,,,,,,,,,,,,,,,,,,,,,,,,,,,,,,,,,,,,,
SVN-Tax-breaks for families,SVN,,,-,Tax-breaks for families,..,..,..,..,..,..,..,..,..,..,..,..,..,..,..,..,..,..,..,..,..,0.00,0.00,0.00,0.00,0.00,0.00,0.00,0.00,0.00,0.00,0.00,0.00,0.00,0.00,0.00,0.00,0.00,0.00,0.00,0.00,0.00,,,,,,,,,,,,,,,,,,,,,,,,,,,,,,,,,,,,,,,,,
ESPTotal,ESP,Spain,,Total,,..,..,..,..,..,..,..,..,..,..,..,..,..,..,..,..,..,..,..,..,..,0.85,0.86,1.01,1.04,1.11,1.14,1.42,1.28,1.67,1.55,1.46,1.43,1.44,1.40,1.44,1.42,1.44,1.56,1.64,1.92,1.87,,,,,,,,,,,,,,,,,,,,,,,,,,,,,,,,,,,,,,,,,
ESP-Cash,ESP,,,-,Cash,0.43,0.37,0.35,0.30,0.27,0.23,0.18,0.15,0.14,0.13,0.23,0.22,0.29,0.28,0.28,0.28,0.29,0.29,0.27,0.27,0.26,0.26,0.26,0.38,0.39,0.44,0.44,0.49,0.57,0.61,0.60,0.50,0.47,0.49,0.52,0.51,0.51,0.51,0.51,0.54,0.64,0.63,,,,,,,,,,,,,,,,,,,,,,,,,,,,,,,,,,,,,,,,,
ESP-Services,ESP,,,-,Services,0.03,0.03,0.03,0.03,0.02,0.03,0.03,0.03,0.03,0.02,0.08,0.08,0.11,0.13,0.13,0.13,0.18,0.17,0.53,0.52,0.63,0.59,0.61,0.63,0.64,0.68,0.69,0.69,0.71,0.82,0.82,0.83,0.83,0.82,0.75,0.72,0.69,0.71,0.72,0.74,0.88,0.86,,,,,,,,,,,,,,,,,,,,,,,,,,,,,,,,,,,,,,,,,
ESP-Tax-breaks for families,ESP,,,-,Tax-breaks for families,..,..,..,..,..,..,..,..,..,..,..,..,..,..,..,..,..,..,..,..,..,0.00,0.00,0.00,0.00,0.00,0.00,0.23,0.00,0.24,0.13,0.12,0.13,0.13,0.13,0.21,0.22,0.22,0.33,0.36,0.40,0.38,,,,,,,,,,,,,,,,,,,,,,,,,,,,,,,,,,,,,,,,,
SWETotal,SWE,Sweden,,Total,,..,..,..,..,..,..,..,..,..,..,..,..,..,..,..,..,..,..,..,..,..,2.91,3.05,3.11,3.10,3.13,3.22,3.18,3.32,3.50,3.40,3.39,3.51,3.56,3.57,3.48,3.50,3.49,3.57,3.51,3.54,3.32,,,,,,,,,,,,,,,,,,,,,,,,,,,,,,,,,,,,,,,,,
SWE-Cash,SWE,,,-,Cash,1.43,1.43,1.37,1.32,1.22,1.48,1.46,1.59,1.61,1.61,1.81,2.07,2.15,2.19,2.15,1.85,1.51,1.37,1.44,1.39,1.40,1.47,1.46,1.45,1.44,1.42,1.45,1.41,1.41,1.47,1.43,1.40,1.42,1.43,1.40,1.35,1.35,1.33,1.40,1.37,1.37,1.27,,,,,,,,,,,,,,,,,,,,,,,,,,,,,,,,,,,,,,,,,
SWE-Services,SWE,,,-,Services,2.04,2.17,2.03,2.23,2.23,2.18,2.21,2.16,2.15,2.03,2.17,2.27,2.24,1.98,1.94,1.74,1.79,1.71,1.63,1.62,1.37,1.44,1.60,1.66,1.67,1.71,1.77,1.77,1.91,2.03,1.97,1.99,2.09,2.13,2.16,2.13,2.16,2.16,2.17,2.14,2.17,2.05,,,,,,,,,,,,,,,,,,,,,,,,,,,,,,,,,,,,,,,,,
SWE-Tax-breaks for families,SWE,,,-,Tax-breaks for families,..,..,..,..,..,..,..,..,..,..,..,..,..,..,..,..,..,..,..,..,..,0.00,0.00,0.00,0.00,0.00,0.00,0.00,0.00,0.00,0.00,0.00,0.00,0.00,0.00,0.00,0.00,0.00,0.00,0.00,0.00,0.00,,,,,,,,,,,,,,,,,,,,,,,,,,,,,,,,,,,,,,,,,
CHETotal,CHE,Switzerland,,Total,,..,..,..,..,..,..,..,..,..,..,..,..,..,..,..,..,..,..,..,..,..,1.35,1.43,1.43,1.39,1.41,1.39,1.80,1.27,1.75,1.76,1.73,1.89,1.88,1.95,2.11,2.08,2.11,2.09,2.14,2.28,2.17,,,,,,,,,,,,,,,,,,,,,,,,,,,,,,,,,,,,,,,,,
CHE-Cash,CHE,,,-,Cash,0.91,0.89,0.89,0.90,0.89,0.88,0.88,0.89,0.87,0.84,0.99,1.01,1.06,1.15,1.16,1.16,1.18,1.20,1.19,1.18,1.13,1.14,1.21,1.21,1.17,1.17,1.17,1.12,1.05,1.14,1.16,1.15,1.17,1.19,1.21,1.22,1.21,1.22,1.20,1.22,1.30,1.24,,,,,,,,,,,,,,,,,,,,,,,,,,,,,,,,,,,,,,,,,
CHE-Services,CHE,,,-,Services,..,..,..,..,..,..,..,..,..,..,0.08,0.08,0.08,0.08,0.08,0.08,0.09,0.08,0.19,0.20,0.20,0.20,0.22,0.22,0.22,0.23,0.23,0.22,0.21,0.24,0.24,0.23,0.24,0.23,0.28,0.40,0.40,0.40,0.39,0.42,0.45,0.43,,,,,,,,,,,,,,,,,,,,,,,,,,,,,,,,,,,,,,,,,
CHE-Tax-breaks for families,CHE,,,-,Tax-breaks for families,..,..,..,..,..,..,..,..,..,..,..,..,..,..,..,..,..,..,..,..,..,0.00,0.00,0.00,0.00,0.00,0.00,0.47,0.00,0.36,0.37,0.35,0.48,0.46,0.46,0.48,0.47,0.49,0.49,0.50,0.53,0.50,,,,,,,,,,,,,,,,,,,,,,,,,,,,,,,,,,,,,,,,,
TURTotal,TUR,Türkiye,,Total,,..,..,..,..,..,..,..,..,..,..,..,..,..,..,..,..,..,..,..,..,..,0.22,0.23,0.22,0.23,0.26,0.25,0.31,0.29,0.34,0.32,0.33,0.35,0.38,0.37,0.38,0.48,0.49,0.46,0.54,0.62,0.46,,,,,,,,,,,,,,,,,,,,,,,,,,,,,,,,,,,,,,,,,
TUR-Cash,TUR,,,-,Cash,0.63,0.55,0.56,0.60,0.55,0.52,0.54,0.58,0.63,0.75,0.90,0.92,0.86,0.73,0.34,0.24,0.81,0.76,0.66,0.72,0.12,0.13,0.15,0.14,0.15,0.15,0.16,0.17,0.14,0.16,0.15,0.17,0.19,0.19,0.19,0.19,0.22,0.22,0.20,0.20,0.35,0.20,,,,,,,,,,,,,,,,,,,,,,,,,,,,,,,,,,,,,,,,,
TUR-Services,TUR,,,-,Services,0.00,0.00,0.00,0.00,0.00,0.00,0.00,0.00,0.00,0.00,0.00,0.00,0.00,0.00,0.00,0.00,0.03,0.06,0.05,0.06,0.09,0.09,0.08,0.08,0.08,0.11,0.09,0.14,0.16,0.18,0.17,0.16,0.17,0.19,0.18,0.18,0.25,0.26,0.25,0.34,0.27,0.26,,,,,,,,,,,,,,,,,,,,,,,,,,,,,,,,,,,,,,,,,
TUR-Tax-breaks for families,TUR,,,-,Tax-breaks for families,..,..,..,..,..,..,..,..,..,..,..,..,..,..,..,..,..,..,..,..,..,0.00,0.00,0.00,0.00,0.00,0.00,0.00,0.00,0.00,0.00,0.00,0.00,0.00,0.00,0.00,0.01,0.01,0.01,0.00,0.00,0.00,,,,,,,,,,,,,,,,,,,,,,,,,,,,,,,,,,,,,,,,,
GBRTotal,GBR,United Kingdom,,Total,,..,..,..,..,..,..,..,..,..,..,..,..,..,..,..,..,..,..,..,..,..,2.54,2.53,3.11,2.87,3.15,2.84,3.38,3.33,3.68,4.26,4.12,4.05,3.80,3.63,3.58,3.45,3.34,3.11,2.51,2.45,2.07,,,,,,,,,,,,,,,,,,,,,,,,,,,,,,,,,,,,,,,,,
GBR-Cash,GBR,,,-,Cash,1.69,1.80,1.80,1.75,1.75,1.72,1.64,1.55,1.57,1.50,1.40,1.51,1.68,1.73,1.67,1.58,1.57,1.52,1.47,1.53,1.62,1.64,1.66,1.95,1.95,1.93,1.89,2.02,2.23,2.47,2.55,2.48,2.49,2.37,2.31,2.21,2.19,2.11,1.94,1.45,1.36,1.05,,,,,,,,,,,,,,,,,,,,,,,,,,,,,,,,,,,,,,,,,
GBR-Services,GBR,,,-,Services,0.49,0.48,0.47,0.47,0.44,0.42,0.41,0.39,0.34,0.35,0.36,0.38,0.40,0.41,0.42,0.41,0.41,0.41,0.95,0.74,0.76,0.83,0.87,0.85,0.93,0.91,0.95,1.09,1.11,1.21,1.38,1.36,1.39,1.28,1.18,1.22,1.13,1.11,1.08,0.98,1.03,0.98,,,,,,,,,,,,,,,,,,,,,,,,,,,,,,,,,,,,,,,,,
GBR-Tax-breaks for families,GBR,,,-,Tax-breaks for families,..,..,..,..,..,..,..,..,..,..,..,..,..,..,..,..,..,..,..,..,..,0.07,0.00,0.31,0.00,0.31,0.00,0.27,0.00,0.00,0.33,0.27,0.16,0.14,0.14,0.14,0.13,0.12,0.10,0.08,0.07,0.04,,,,,,,,,,,,,,,,,,,,,,,,,,,,,,,,,,,,,,,,,
USATotal,USA,United States,,Total,,..,..,..,..,..,..,..,..,..,..,..,..,..,..,..,..,..,..,..,..,..,1.48,..,1.44,..,1.33,..,1.22,..,1.24,1.22,1.18,1.14,1.10,1.13,1.11,1.10,1.07,0.84,1.03,1.04,0.99,,,,,,,,,,,,,,,,,,,,,,,,,,,,,,,,,,,,,,,,,
USA-Cash,USA,,,-,Cash,0.45,0.42,0.39,0.39,0.37,0.36,0.19,0.19,0.20,0.20,0.21,0.31,0.30,0.30,0.29,0.29,0.26,0.12,0.15,0.14,0.14,0.16,0.15,0.15,0.13,0.12,0.11,0.10,0.10,0.11,0.10,0.09,0.09,0.09,0.08,0.08,0.07,0.07,0.06,0.06,0.06,0.05,,,,,,,,,,,,,,,,,,,,,,,,,,,,,,,,,,,,,,,,,
USA-Services,USA,,,-,Services,0.32,0.29,0.25,0.26,0.25,0.24,0.23,0.24,0.23,0.24,0.24,0.26,0.28,0.29,0.29,0.30,0.29,0.29,0.64,0.64,0.65,0.67,0.70,0.65,0.62,0.59,0.60,0.60,0.60,0.63,0.65,0.63,0.60,0.57,0.56,0.56,0.56,0.56,0.55,0.56,0.60,0.57,,,,,,,,,,,,,,,,,,,,,,,,,,,,,,,,,,,,,,,,,
USA-Tax-breaks for families,USA,,,-,Tax-breaks for families,..,..,..,..,..,..,..,..,..,..,..,..,..,..,..,..,..,..,..,..,..,0.65,..,0.64,..,0.62,..,0.51,..,0.50,0.47,0.46,0.45,0.44,0.49,0.47,0.47,0.44,0.22,0.42,0.38,0.37,,,,,,,,,,,,,,,,,,,,,,,,,,,,,,,,,,,,,,,,,
,,,,,,,,,,,,,,,,,,,,,,,,,,,,,,,,,,,,,,,,,,,,,,,,,,,,,,,,,,,,,,,,,,,,,,,,,,,,,,,,,,,,,,,,
,,.. Not available,,,,,,,,,,,,,,,,,,,,,,,,,,,,,,,,,,,,,,,,,,,,,,,,,,,,,,,,,,,,,,,,,,,,,,,,,,,,,,,,,,,,,,
,,,,,,,,,,,,,,,,,,,,,,,,,,,,,,,,,,,,,,,,,,,,,,,,,,,,,,,,,,,,,,,,,,,,,,,,,,,,,,,,,,,,,,,,
,,"Note: Public spending accounted for here concerns public support that is exclusively for families (e.g. child payments and allowances, parental leave benefits and childcare support), only. Spending in other social policy areas such as health and housing support also assists families, but not exclusively, and is not included here. Coverage of spending on family and community services in the OECD Social Expenditure data may be limited as such services are often provided and/or co-financed by local governments. The latter may receive general block grants to finance their activities, and reporting requirements may not be sufficiently detailed for central statistical agencies to have a detailed view of the nature of local spending. In Nordic countries (where local government is heavily involved in service delivery) this does not lead to large gaps in the measurement of spending, but it does for some countries with a federal structure, for example, Canada and Switzerland. Data for Iceland and Poland are estimates by the OECD.  National authorities provided estimates on the value of tax breaks for Switzerland. Spending for the United Kingdom is likely to be underestimated as information on the tax part of the WTC and CTC are no longer available.",,,,,,,,,,,,,,,,,,,,,,,,,,,,,,,,,,,,,,,,,,,,,,,,,,,,,,,,,,,,,,,,,,,,,,,,,,,,,,,,,,,,,,
,,Source: OECD Social Expenditure database (https://www.oecd.org/en/data/datasets/social-expenditure-database-socx.html).,,,,,,,,,,,,,,,,,,,,,,,,,,,,,,,,,,,,,,,,,,,,,,,,,,,,,,,,,,,,,,,,,,,,,,,,,,,,,,,,,,,,,,
